imdbID,Title,Note
tt5667260,Rusty Boys,2018-01-04 | Alte Jungs
tt6486630,Asphyxia / Khafegi,2018-01-04
tt6314690,Die Dschungelhelden - Das grosse Kinoabenteuer,2018-01-04
tt5937296,Glory (Slava),* 2018-01-04
tt1485796,"Greatest Showman on Earth, The",2018-01-04 | Greatest Showman
tt5726086,Insidious - The Last Key,2018-01-04
tt3741632,"Leisure Seeker, The","2018-01-04 | Leuchten der Erinnerung, Das"
tt7637968,Lux - Krieger des Lichts,2018-01-04
tt4207112,Score: A Film Music Documentary,2018-01-04 | Score - Eine Geschichte der Filmmusik
tt5328350,Pokot - Spoor,"2018-01-04 | Spur, Die"
tt6697582,Arif V 2016,2018-01-11
tt1590193,"Commuter, The",2018-01-11
tt6794464,Julian Schnabel - A Private Portrait,2018-01-11
tt3896102,Tad Jones and the Secret of King Midas,2018-01-11 | Tad Jones und das Geheimnis von Köng Midas (3D)
tt4637434,Tony Conrad - Completely in the Present,2018-01-11
tt5265960,"Región salvaje, La","2018-01-11 | Untamed, The"
tt5954892,Paths,"2018-01-11 | Weg, Ein"
tt5825380,Wonder Wheel,2018-01-11
tt5987402,Dvizhenie Vverkh - Sprung an die Spitze,2018-01-14
tt6367558,L'Amant double,"2018-01-18 | Andere Liebhaber, Der"
tt6032566,"Anfängerin, Die",2018-01-18
tt4629266,Born in China,2018-01-18
tt7871636,Deliha 2 (OmU),2018-01-18
tt1389072,Downsizing,2018-01-18
tt4555426,"Darkest Hour, The","2018-01-18 | Dunkelste Stunde, Die"
tt5259988,Garten der Sterne,2018-01-18
tt3658366,Hannah - Buddhism's untold Journey,2018-01-18 | Hannah - Ein buddhistischer Weg zur Freiheit
tt6818140,"Hilfe, ich hab meine Eltern geschrumpft",2018-01-18
tt6284564,Hot Dog,2018-01-18
tt4695012,It comes at Night,2018-01-18
tt5923026,Marlina - Die Mörderin in vier Akten,2018-01-18
tt5749698,"Milan Protokoll, Das",2018-01-18
tt7131848,Wir töten Stella,2018-01-18
tt6903636,Grace Jones: Bloodlight and Bami - Das Leben einer Ikone,2018-01-24
tt5141862,Anne Clark - I'll walk out into tomorrow,2018-01-25
tt6303866,Beach Rats,2018-01-25
tt5065762,Ultimos dias en La Habana,2018-01-25 | Letzte Tage in Havanna
tt6175764,Nur Gott kann mich richten,2018-01-25
tt6412864,Bamui haebyun-eoseo honja,2018-01-25 | On the beach at night alone
tt7748226,Rüzgar,* 2018-01-25
tt6098794,"Thought of Ecstasy, A",2018-01-25
tt5027774,"Three Billboards outside Ebbing, Missouri",2018-01-25
tt2543472,Wonder,2018-01-25 | Wunder
tt1259528,Den of Thieves,2018-02-01 | Criminal Squad
tt3521126,"Disaster Artist, The",2018-02-01
tt5778938,Freddy/Eddy,2018-02-01
tt6690458,Free Lunch Society - Komm komm Grundeinkommen,2018-02-01
tt6153538,"Kleine Hexe, Die",2018-02-01
tt5699154,Le Sens de la fête,"2018-02-01 | Leben ist ein Fest, Das"
tt5584756,Licht,2018-02-01
tt4500922,Maze Runner: The Death Cure (3D),2018-02-01 | Maze Runner - Die Auserwählten in der Todeszone (auch in 3D)
tt0197370,"Allende, mir abuelo Allende",2018-02-01 | Mein Großvater Salvador Allende
tt5776858,Phantom Thread / aka: Untitled Paul Thomas Anderson Project,"2018-02-01 | Seidene Faden, Der"
tt5843990,Ang Babaeng Humayo,"2018-02-04 | Woman who left, The"
tt7630164,Big Time,2018-02-08
tt5027402,Dinky Sinky,2018-02-08
tt2322441,Fifty Shades Freed,2018-02-08 | Fifty Shades of Grey - Befreite Lust
tt4701906,Freiheit,2018-02-08
tt0287592,Kayhan (OmU),2018-02-08
tt6816210,Playing God,2018-02-08
tt5362988,Wind River,2018-02-08
tt3463230,"""37""",2018-02-15
tt5294550,All the Money in the World,2018-02-15 | Alles Geld der Welt
tt1825683,Black Panther,2018-02-15 | Black Panther (2D/3D)
tt5180240,Primaire,"2018-02-15 | Grundschullehrerin, Die"
tt7628458,Hadi Be Oglum,2018-02-15
tt5976196,Königin von Niendorf,2018-02-15
tt3704700,LUNA,* 2018-02-15
tt5580390,Shape of Water,2018-02-15 | Shape of Water - Das Flüstern des Wassers
tt0073881,Wann wird es endlich wieder Sommer?,2018-02-15
tt1966359,Father Figures,2018-02-15 | Wer ist Daddy?
tt5844488,Lyod (OV),2018-02-18
tt6515342,Knock,2018-02-22 | Docteur Knock - Ein Arzt mit gewissen Nebenwirkungen
tt7790498,"Geschmack von Leben, Der",2018-02-22
tt7214470,Heilstätten,2018-02-22
tt6294822,"Post, The","2018-02-22 | Verlegerin, Die"
tt7119170,Wendy 2,2018-02-22 | Wendy 2 - Freundschaft für immer
tt1863347,O chyom eshchyo govoryat muzhchiny - What men talk about 3,2018-02-25
tt5726616,Call me by your Name,2018-03-01
tt6685596,Die Biene Maja - Die Honigspiele (2D/3D),2018-03-01
tt2704998,Game Night,2018-03-01
tt5992202,Dikkertje Dap,"2018-03-01 | Mein Freund, die Giraffe (AT)"
tt7980094,Oscar Shorts 2018 Animation,2018-03-01
tt7935892,Oscar Shorts 2018 Live Action,2018-03-01
tt2873282,Red Sparrow,2018-03-01
tt6576556,"Schweigende Klassenzimmer, Das",2018-03-01
tt6818554,Trust Who,2018-03-01
tt7748426,Ailecek Saskiniz,2018-03-08
tt6175234,Arthur & Claire,2018-03-08
tt1137450,Death Wish,2018-03-08
tt6441090,Er Sie Ich,2018-03-08
tt6029146,Fühlen Sie sich manchmal ausgebrannt und leer?,2018-03-08
tt5214024,Furusato - Wunde Heimat,2018-03-08
tt7207238,Jane,2018-03-08
tt6962218,Kevin Roche - Der stille Architekt,2018-03-08
tt5859238,Lucky,2018-03-08
tt4209788,Molly's Game,2018-03-08
tt1413492,Horse Soldiers,2018-03-08 | Operation: 12 Strong
tt7333070,Vielmachglas,2018-03-08
tt7238338,Walter Pfeiffer - Chasing Beauty,2018-03-08
tt5468016,Digimon Adventure tri. - Chapter 4: Lost,2018-03-11
tt6964554,Kupi menya - Buy me,2018-03-11
tt7158736,Fünf Freunde und das Tal der Dinosaurier,2018-03-15
tt5599140,Chi salverà le rose? / Who will save the roses?,2018-03-15 | Für Dich soll's ewig Rosen geben
tt5649144,"Florida Project, The",2018-03-15
tt6763252,"Hauptmann, Der",2018-03-15
tt6304162,Нелюбовь,2018-03-15 | Loveless
tt5360996,Mary Magdalene,2018-03-15 | Maria Magdalena
tt7775886,Rückenwind von vorn,2018-03-15
tt1365519,Tomb Raider (3D),2018-03-15
tt6238896,Earth: One Amazing Day,2018-03-15 | Unsere Erde 2
tt1072748,Winchester - Das Haus der Verdammten,2018-03-15
tt7717990,Alem-i Cin,2018-03-22
tt7400426,Über Leben in Demmin,2018-03-22
tt8045670,Dügüm Salonu,2018-03-22
tt6859418,Une jolie ch'tite famille,2018-03-22 | Die Sch'tis in Paris - Eine Familie auf Abwegen
tt7035872,Es ist nie zu spät,2018-03-22
tt5887760,"Grüne Lüge, Die",2018-03-22
tt0336525,grenzenlos - Geschichten von Freiheit & Freundschaft,2018-03-22
tt6588966,Hichki,2018-03-22
tt5580036,"I, Tonya","2018-03-22 | I, Tonya (AT)"
tt0302249,Midnight Sun,2018-03-22 | Midnight Sun - Alles für dich
tt2557478,Pacific Rim: Uprising (3D) (IMAX),2018-03-22
tt5117670,Peter Rabbit,* 2018-03-22 | Peter Hase
tt6716544,"Stille Revolution, Die",2018-03-22
tt6304046,Thelma,2018-03-22
tt3397096,aka: Mittelreich,2018-03-22 | Zwei Herren im Anzug
tt5667296,1000 Arten Regen zu beschreiben,2018-03-29
tt4715164,AF-Media - ohne Titel -,* 2018-03-29
tt4686844,"Death of Stalin, The",2018-03-29
tt4045380,Exodus,* 2018-03-29
tt5884230,Brad's Status,2018-03-29 | Im Zweifel glücklich
tt7302634,Jim Knopf und Lukas der Lokomotivführer,2018-03-29
tt7392244,Kaybedenler Kulübü,* 2018-03-29
tt7153766,Unsane,2018-03-29 | Unsane - Ausgeliefert
tt5872472,"Verpiss Dich, Schneewittchen!",2018-03-29
tt1863293,Khibula,2018-03-29 | Vor dem Frühling
tt3319730,"Mercy, The",2018-03-29 | Vor uns das Meer
tt5711148,Film Stars don't die in Liverpool,2018-04-05
tt6195094,Incident in a Ghostland,2018-04-05 | Ghostland
tt3721964,aka: Untitled Nash Edgerton Project,2018-04-05 | Gringo
tt5287168,"Mädchen aus dem Norden, Das",2018-04-05
tt7389900,"Nacht der Nächte, Die",2018-04-05
tt3810810,Nadie nos mira,2018-04-05 | Nobody's Watching
tt6802896,A Ciambra,2018-04-05 | Pio
tt1677720,Ready Player One,2018-04-05
tt5749748,Reseba - The Dark Wind,2018-04-05
tt6675244,Transit,2018-04-05
tt1620680,"Wrinkle in Time, A","2018-04-05 | Zeiträtsel, Das (2D/3D)"
tt8107882,Bizim Köyün Sarkisi,2018-04-08
tt6463494,3 Tage in Quiberon,2018-04-12
tt7442274,Can Feda,2018-04-12
tt5459382,"Etruskische Lächeln, Das",2018-04-12
tt5712152,Layla M.,2018-04-12
tt5964694,Papa Moll und die Entführung des fliegenden Hundes,2018-04-12
tt6644200,"Quiet Place, A",2018-04-12
tt2531344,Blockers,"2018-04-12 | Sex Pakt, Der"
tt7231560,Spielmacher,2018-04-12
tt6686700,Steig. Nicht. Aus!,2018-04-12
tt5916734,Wildes Herz,* 2018-04-12
tt6952604,Arrhythmia,2018-04-19
tt5993456,Mission Pays Basque,2018-04-19 | Die Pariserin - Auftrag Baskenland
tt3657610,Farewell Halong,2018-04-19
tt5516328,Ghost Stories,2018-04-19
tt5196158,"Haut der Anderen, Die",2018-04-19
tt6373738,Barndom/Childhood,2018-04-19 | Kindheit
tt4925292,Lady Bird,2018-04-19
tt7125510,Matti und Sami und die drei grössten Fehler des Universums,2018-04-19
tt4505670,Pawo,2018-04-19
tt0051334,"Roman J. Israel, Esq.","2018-04-19 | Roman J. Israel, Esq. - Die Wahrheit und nichts als die Wahrheit"
tt5716464,Breathe,2018-04-19 | Solange ich atme
tt7951242,SPK-Komplex,2018-04-19
tt3881784,Stronger,2018-04-19
tt7363412,The 15:17 to Paris,2018-04-19
tt6775942,The King / aka: Promised Land,2018-04-19 | The King - Mit Elvis durch Amerika
tt8422594,Zeit für Utopien,2018-04-19
tt7632930,Trener - Coach,2018-04-22
tt4154756,Avengers: Infinity War,2018-04-26 | Avengers: Infinity War (2D/3D)
tt8077746,Bauhaus 100,2018-04-26
tt5852534,"Beautiful Day, A",* 2018-04-26
tt8061070,Cici Babam,2018-04-26
tt6814914,Djam,2018-04-26
tt6551438,Draußen in meinem Kopf,2018-04-26
tt4701724,Early Man,2018-04-26 | Early Man - Steinzeit bereit
tt7877982,Eldorado,2018-04-26
tt4073682,Grain,2018-04-26 | Grain - Weizen
tt5628792,Aurore,2018-04-26 | Madame Aurora und der Duft von Frühling
tt6340226,"Maybe, Baby!",2018-04-26
tt8077746,Vom Bauen der Zukunft - 100 Jahre Bauhaus,2018-04-26
tt1959563,Zud,* 2018-04-26
tt5466186,7 Days of Entebbe,2018-05-03 | 7 Tage in Entebbe
tt5598160,Jeune Femme,2018-05-03 | Bonjour Paris
tt4459156,55 Steps,2018-05-03 | Eleanor & Colette
tt5145414,Familiye,2018-05-03
tt5455410,Gutland,2018-05-03
tt7028470,aka: Subs (AT),2018-05-03 | HERRliche Zeiten
tt5356274,Prince of Nothingwood,2018-05-03 | Meister der Träume
tt8386844,aka: Women in War (AT),2018-05-03 | Monika Hauser - Ein Porträt
tt3438354,Smetto quando voglio,2018-05-03 | Morgen ist Schluss
tt3829920,Only the Brave,2018-05-03 | No Way Out - Gegen die Flammen
tt5070130,Rara/Meine Eltern sind irgendwie anders,2018-05-03
tt0371128,Reggae Boyz,* 2018-05-03
tt1629372,Rewind,* 2018-05-03
tt5618752,Krotkaya/A gentle creature,"2018-05-03 | Sanfte, Die"
tt2296777,Sherlock Gnomes,2018-05-03 | Sherlock Gnomes (3D)
tt6544376,Speak up,* 2018-05-03
tt5812842,Tage am Meer,* 2018-05-03
tt8370246,Therapie für Gangster,2018-05-03
tt8178760,Träum weiter,* 2018-05-03
tt6011310,"Unmögliche Bild, Das",2018-05-03
tt6071168,aka: Monster (AT),2018-05-03 | Wer hat eigentlich die Liebe erfunden
tt6877798,Auf der Jagd - Wem gehört die Natur?,2018-05-10
tt8152742,"Ojos del Camino, Los","2018-05-10 | Augen des Weges, Die"
tt6772950,Blumhouse's Truth or Dare,2018-05-10 | Blumhouse präsentiert: Wahrheit oder Pflicht
tt3127022,The Bookshop,"2018-05-10 | Buchladen der Florence Green, Der"
tt5244578,Dance Fight Love Die,2018-05-10
tt6467968,Posoki,* 2018-05-10 | Directions - Geschichten einer Nacht
tt6791096,I feel pretty,2018-05-10
tt5104604,Isle of Dogs,2018-05-10 | Isle of Dogs - Ataris Reise
tt5368108,Liliane Susewind,2018-05-10 | Liliane Susewind - Ein tierisches Abenteuer
tt5356260,Ma vie avec James Dean / My life with James Dean,2018-05-10 | Mein Leben mit James Dean
tt2231461,Rampage (3D),2018-05-10 | Rampage - Big meets Bigger
tt5997666,"Reise für die Liebe, Eine",2018-05-10
tt8477928,Rudi Assauer - Macher. Mensch. Legende.,2018-05-10
tt8339444,System Error,* 2018-05-10
tt7213936,Hva vil folk si,2018-05-10 | Was werden die Leute sagen
tt6911608,Mamma mia! Sing-a-long Version,* 2018-05-13 | Mamma mia! Sing-along Version
tt6324614,Sobibor,2018-05-13
tt7689936,"Cleaners, The",2018-05-17
tt5463162,Deadpool 2,2018-05-17
tt7323600,Hagazussa - A Heathen's Curse,2018-05-17 | Hagazussa - Der Hexenfluch
tt7364566,Maria by Callas,2018-05-17
tt5893264,Based on a true Story - D'après une histoire vraie,2018-05-17 | Nach einer wahren Geschichte
tt7262496,Namrud,* 2018-05-17
tt7673104,Schatzkammer Berlin,2018-05-17
tt4746254,"Tochter, Die",* 2018-05-17
tt4926822,We are Family/C'est quoi cette famille?!,2018-05-17 | Wohne lieber ungewöhnlich
tt3431188,Knutsen & Ludvigsen og den fæle Rasputin,2018-05-17 | Zwei Freunde und ihr Dachs
tt7050476,Smeschariki - Dezha vyu,2018-05-20
tt6865478,Der letzte Dalai Lama?,2018-05-24
tt5078134,Une Vie,2018-05-24 | Ein Leben
tt5698320,Euphoria,* 2018-05-24
tt2404639,"Happy Prince, The",2018-05-24
tt6263618,In den Gängen,2018-05-24
tt3778644,Solo: A Star Wars Story,2018-05-24 | Solo: A Star Wars Story (2D/3D)
tt8269466,Sympathisanten,2018-05-24
tt7085762,Taste of Cement - Der Geschmack von Zement,2018-05-24
tt7639860,Wunder der Wirklichkeit,2018-05-24
tt5598102,"Visages, Villages",2018-05-31 | Augenblicke: Gesichter einer Reise
tt5339226,Back for Good,2018-05-31
tt5478478,Hostiles,2018-05-31 | Feinde - Hostiles
tt7214084,Guardians of the Earth,2018-05-31
tt6692354,Ittefaq - Es geschah eines Nachts,2018-05-31
tt5135100,Kinders,2018-05-31
tt7026672,Letztendlich sind wir dem Universum egal,2018-05-31
tt7765120,Figlia Mia,2018-05-31 | Meine Tochter - Figlia Mia
tt4538916,Finding your Feet,2018-05-31 | Tanz ins Leben
tt5610554,Tully,2018-05-31
tt7913598,Usedom - Der freie Blick aufs Meer,2018-05-31
tt6296924,Zwei im falschen Film,2018-05-31
tt6270596,Chernovik - The Draft,2018-06-03
tt4881806,Jurassic World: Fallen Kingdom (3D) (IMAX),2018-06-06 | Jurassic World: Das gefallene Königreich (3D) (IMAX)
tt6281148,Looking for Oum Kulthum,2018-06-07 | Auf der Suche nach Oum Kulthum
tt3686990,Camino a la Paz,2018-06-07
tt1653665,Goodbye Christopher Robin,2018-06-07
tt6909664,Mantra - Sounds into Silence,* 2018-06-07
tt7313522,"Prinz und der Dybbuk, Der",2018-06-07
tt8520458,"Sechste Kontinent, Der",* 2018-06-07
tt7410124,Sprechstunde,* 2018-06-07
tt6532374,Swimming with Men (AT),2018-06-07
tt6871410,"Temperatur des Willens, Die",2018-06-07
tt5093990,Wolf and Sheep,2018-06-07
tt6777114,12 Jours,2018-06-14 | 12 Tage
tt6648718,Aus einem Jahr der Nichtereignisse,2018-06-14
tt6462462,"Brio, Le","2018-06-14 | Brillante Mademoiselle Neila, Die"
tt5721088,Just getting started,2018-06-14 | Das ist erst der Anfang
tt7784604,Hereditary,2018-06-14 | Hereditary - Das Vermächtnis
tt4539726,Lost in the Living,2018-06-14
tt6153322,Muhi,2018-06-14
tt1563742,Overboard,2018-06-14
tt6915100,Pope Francis: A Man of his Word,2018-06-14 | Papst Franziskus - Ein Mann seines Wortes
tt8713338,"Borderless Sky, The",2018-06-14 | Sternenjäger - Abenteuer Nachthimmel
tt4827986,"Sense of an Ending, The",2018-06-14 | Vom Ende einer Geschichte
tt5957120,Hotel de grote L,2018-06-21 | Allein unter Schwestern
tt1667321,On Chesil Beach,2018-06-21 | Am Strand
tt6781638,Dolphins,2018-06-21 | Delfine
tt2955304,Halal Daddy,2018-06-21 | Halaleluja - Iren sind menschlich!
tt7106762,Kolyma,2018-06-21
tt6556552,Momo,2018-06-21 | Nicht ohne Eltern
tt5164214,Ocean's 8,2018-06-21
tt6217608,"Rider, The",2018-06-21
tt1285009,The Strangers: Opfernacht,2018-06-21
tt6998408,Nochnaya Smena - Nightshift,* 2018-06-24
tt7454138,Anchors up,2018-06-28 | Elias - Das kleine Rettungsboot
tt7012142,Global Family,2018-06-28
tt5021236,Untitled Greg Berlanti Movie,"2018-06-28 | Love, Simon"
tt5571754,Meine teuflisch gute Freundin,2018-06-28
tt6859344,Brillantissime,2018-06-28 | Meine wunderbare Scheidung
tt3428252,Renegades - Mission of Honor,* 2018-06-28
tt6904262,"Wunderübung, Die",2018-06-28
tt6804732,Flying Revolution - The Story of a lifetime Battle,2018-07-01
tt8621494,Am Ende ist man tot,2018-07-05
tt7264116,Candelaria,2018-07-05 | Candelaria - Ein kubanischer Sommer
tt5843312,"Doppelte Lottchen, Das (2017)",* 2018-07-05
tt6540078,The Child in Time,* 2018-07-05 | Ein Kind zur Zeit - The Child in Time
tt6133466,"First Purge, The",2018-07-05
tt5436228,Woman walks ahead,"2018-07-05 | Frau, die vorausgeht, Die"
tt5619332,Life of the Party,2018-07-05 | How to Party with Mom
tt6838702,Tout le monde debout/Rolling to you (AT),2018-07-05 | Liebe bringt alles ins Rollen
tt5989394,Marvin,* 2018-07-05
tt4095988,Time Trial - David Millars letzte Rennen,2018-07-05
tt4643844,Se Dio vuole,2018-07-05 | Um Gottes Willen
tt0149389,"Wunder von Mals, Das",* 2018-07-05
tt7037544,Zentralflughafen THF,2018-07-05
tt6210160,Auf der Suche nach Ingmar Bergman,2018-07-12
tt6306064,Adrift,"2018-07-12 | Farbe des Horizonts, Die"
tt6896536,Foxtrot,2018-07-12
tt5048814,Lomo - The Language of many Others,2018-07-12
tt7224496,Los Versos del Olvido - Im Labyrinth der Erinnerung,2018-07-12
tt5275884,"Love, Cecil",2018-07-12
tt5812240,"Retour du héros, Le","* 2018-07-12 | Rückkehr des Helden, Die"
tt5758778,Skyscraper (3D),2018-07-12 | Skyscraper (3D)(IMAX)
tt0859635,Super Troopers 2,2018-07-12
tt7807406,Symphony of Now,2018-07-12
tt3409848,Zama,2018-07-12
tt5220122,Hotel Transylvania 3: Summer Vacation,2018-07-16 | Hotel Transsylvanien 3 - Ein Monster Urlaub (auch in 3D)
tt7186092,Nico 1988,2018-07-18
tt5451118,303,2018-07-19
tt8801518,B12 - Gestorben wird im nächsten Leben,2018-07-19
tt4451458,Poesia sin fin,2018-07-19 | Endless Poetry
tt0049213,"Fischerin vom Bodensee, Die",2018-07-19
tt7420292,Könige der Welt,2018-07-19
tt6394432,Landrauschen,2018-07-19
tt6911608,Mamma Mia! Here we go again,2018-07-19 | Mamma Mia! Here we go again (IMAX)
tt5052474,Sicario: Day of the Soldado,2018-07-19 | Sicario 2
tt5095030,Ant-Man and the Wasp,2018-07-26 | Ant-Man and the Wasp (2D/3D)
tt2854926,Tag,2018-07-26 | Catch me!
tt5897636,Estiu,2018-07-26 | Fridas Sommer
tt5480782,Good Manners,2018-07-26 | Gute Manieren
tt5834262,Hotel Artemis,2018-07-26
tt6144762,Coexister,"2018-07-26 | Lied in Gottes Ohr, Ein"
tt5093026,Papillon,2018-07-26
tt7120532,Il colore nascosto delle cose,"2018-07-26 | Verborgenen Farben der Dinge, Die"
tt5017134,8:30,2018-08-02
tt6079360,Todo sobre el Asado,"2018-08-02 | Asado, mein Lieblingsgericht aus Argentinien"
tt6987770,Destination Wedding,2018-08-02
tt8666494,Egal was kommt,2018-08-02
tt3563262,Submergence,2018-08-02 | Grenzenlos
tt4912910,Mission: Impossible - Fallout,2018-08-02 | Mission: Impossible - Fallout (3D)
tt8116550,Welcome to Sodom,2018-08-02
tt7105944,A casa tutti bene,2018-08-02 | Zu Hause ist es am schönsten
tt4086018,Prinz Charming,2018-08-05
tt6249434,Shelter/Refuge,2018-08-09 | Aus nächster Distanz
tt1289403,"Guernsey Literary and Potato Peel Pie Society, The",2018-08-09 | Deine Juliet
tt4940416,Duck Duck Goose,2018-08-09 | Gans im Glück
tt6186232,Itzhak,2018-08-09
tt4779682,"Meg, The",2018-08-09 | Meg (3D)
tt8500060,Sauerkrautkoma,2018-08-09
tt5649108,Thoroughbreds,2018-08-09 | Vollblüter
tt7137846,Breaking In,2018-08-16
tt4575576,Christopher Robin,2018-08-16
tt6288124,"Don't worry, he won't get far on foot","2018-08-16 | Don't worry, weglaufen geht nicht"
tt6923840,Normandie nue,"2018-08-16 | Dorf zieht blank, Ein"
tt3766354,"Equalizer 2, The",2018-08-16
tt5460924,Familie Brasch,* 2018-08-16
tt5212090,Finsteres Glück,2018-08-16
tt4103724,Forever my Girl,2018-08-16
tt6892206,Napoli Velata,"2018-08-16 | Geheimnis von Neapel, Das"
tt6752848,Bombshell - The Hedy Lamarr Story,2018-08-16 | Geniale Göttin - Die Geschichte von Hedy Lamarr
tt6096542,In the Middle of the River,2018-08-16
tt6175086,So was von da,2018-08-16
tt7424200,Teen Titans Go! To the Movies,2018-08-16
tt4073790,"Darkest Minds, The",2018-08-16 | The Darkest Minds - Die Überlebenden
tt6495770,Action Point,2018-08-23
tt7349662,BlacKkKlansman,2018-08-23
tt3104988,Crazy Rich Asians,2018-08-23 | Crazy Rich
tt7999770,"Doktor aus Indien, Der",2018-08-23
tt5591666,"Domestics, The",2018-08-23
tt7205942,Gundermann,2018-08-23
tt0063218,Lebenszeichen - Jüdischsein in Berlin,2018-08-23
tt6292090,Mein Name ist Somebody - Zwei Fäuste kehren zurück,2018-08-23
tt6002232,Jusqu'à la Garde/Custody,2018-08-23 | Nach dem Urteil
tt6964150,Silvana,* 2018-08-23
tt5690360,Slender Man,2018-08-23
tt6226610,En attendant les Hirondelles,2018-08-23 | Warten auf Schwalben
tt8765464,"1000 Glotzböbbel vom Dr. Mabuse, Die",2018-08-30
tt6175802,Asphaltgorillas,2018-08-30
tt6663582,"Spy who dumped me, The",2018-08-30 | Bad Spies
tt6918686,Breakdown in Tokyo,2018-08-30
tt8282042,Donbass,2018-08-30
tt2818726,Draussen,* 2018-08-30
tt8014110,Following Habeck,2018-08-30
tt7142712,"Grüner wird's nicht, sagte der Gärtner und flog davon",2018-08-30
tt7437638,Käpt'n Sharky,2018-08-30
tt6040662,"Children Act, The",2018-08-30 | Kindeswohl
tt7331414,Safari - Match me if you can,2018-08-30
tt4244998,Alpha,2018-09-06 | Alpha (3D)
tt3094252,Eho - Echo,* 2018-09-06
tt8084946,Embryo,* 2018-09-06
tt8782542,Gürbüz - Hadi Allah'a Emanet,2018-09-06
tt8661880,It must Schwing - The Blue Note Story,2018-09-06
tt6333086,Menashe,2018-09-06
tt4494230,Messi and Maud,2018-09-06
tt6497898,Mr. Gay Syria,* 2018-09-06
tt5814060,"Nun, The",2018-09-06
tt6558976,Palmyra,2018-09-06
tt7753296,Phantomschmerz,2018-09-06
tt7094966,Le Maître et L'Enfant,"2018-09-06 | Prinzip Montessori - Die Lust am Selber-Lernen, Das"
tt7776838,"Schönste Mädchen der Welt, Das",2018-09-06
tt8744094,Gogol - Strashnaya mest (Gogol - Schreckliche Rache),2018-09-09
tt5894846,Al Berto,2018-09-13
tt6857166,Book Club,2018-09-13 | Book Club - Das Beste kommt noch
tt5258726,Cobain,2018-09-13
tt8072488,Eingeimpft,2018-09-13
tt6752992,Lazzaro Felice,2018-09-13 | Glücklich wie Lazzaro
tt3892172,Leave No Trace,* 2018-09-13
tt6575280,Mackie Messer - Brechts Dreigroschenfilm,2018-09-13
tt4560436,Mile 22,2018-09-13
tt7705740,Naomis Reise,2018-09-13
tt6516734,Pettersson & Findus: Findus zieht um,2018-09-13
tt3829266,Predator,2018-09-13 | Predator - Upgrade (3D)
tt5791506,Seestück,2018-09-13
tt5942864,Styx,* 2018-09-13
tt7071250,Tian - Das Geheimnis der Schmuckstrasse,2018-09-13
tt6957844,Timebreakers und die rätselhaften Grabzeichen,2018-09-13
tt7879622,You are everything,* 2018-09-13
tt8014060,"Dorf der Vergesslichen, Das",2018-09-20
tt2119543,"House with a Clock in its Walls, The","2018-09-20 | Haus der geheimnisvollen Uhren, Das"
tt7275822,Klassentreffen 1.0 - Die unglaubliche Reise der Silberrücken,2018-09-20
tt4466494,Et les mistrals gagnants/Everyday Heroes,2018-09-20 | Kleine Helden
tt7668870,Searching,* 2018-09-20
tt7929406,Shut up and play the Piano,2018-09-20
tt6696124,Los Bando,2018-09-20 | Thilda & die beste Bande der Welt
tt7334528,Uncle Drew,2018-09-20
tt1226837,Utøya 22. juli,* 2018-09-20 | Utøya 22. Juli
tt7271882,Wackersdorf,2018-09-20
tt6793580,Campeones,2018-09-20 | Wir sind Champions
tt6231364,Qu'est-ce qu'on attend?,2018-09-20 | Worauf warten wir noch?
tt7776430,Alles ist gut,* 2018-09-27
tt6194530,Ava,2018-09-27
tt6532004,Balkan Dreams - Ein Leben im 9/16 Takt,2018-09-27
tt7125774,Ballon,2018-09-27
tt5432712,La Gatta Cenerentola,2018-09-27 | Cinderella The Cat
tt8150730,Fly Rocket Fly - Mit Macheten zu den Sternen,2018-09-27
tt8832114,Göktasi,* 2018-09-27
tt6450186,I can only imagine,2018-09-27
tt1318517,"Man who killed Don Quixote, The",2018-09-27
tt0486839,Nachlass,* 2018-09-27
tt7147540,Nadel & Faden - Made in India,* 2018-09-27
tt4964788,Everybody knows/Todos lo saben,2018-09-27 | Offenes Geheimnis
tt0989757,"Stille Leuchten, Das",2018-09-27
tt6958212,Sweet Country,2018-09-27
tt3606756,Incredibles 2,"2018-09-27 | Unglaublichen 2, Die (2D/3D)"
tt0353774,Venom,2018-10-03 | Venom (2D/3D) (IMAX)
tt5311542,Werk ohne Autor,2018-10-03
tt5222768,Croc-Blanc,"* 2018-10-04 | Abenteuer von Wolfsblut, Die"
tt7733426,"Defekte Katze, Die",2018-10-04
tt7286916,"Dawn Wall, The",2018-10-04 | Durch die Wand
tt6506276,Lemonade,2018-10-04
tt1517451,"Star is born, A",2018-10-04
tt8055880,Waldheims Walzer,2018-10-04
tt8804436,Why are we creative?,* 2018-10-04
tt3645988,Abgeschnitten,2018-10-11
tt5271906,Everywhere we are,* 2018-10-11 | Überall wo wir sind
tt6628394,Bad Times at the El Royale,2018-10-11
tt0072125,Elternschule,2018-10-11
tt1308728,"Happytime Murders, The",2018-10-11
tt4240910,"Legende vom hässlichen König, Die",2018-10-11
tt6182908,Smallfoot (3D),2018-10-11
tt5971724,Seed,"2018-10-11 | Unser Saatgut - Wir ernten, was wir säen"
tt7654872,Amoureux de ma Femme,2018-10-11 | Verliebt in meine Frau
tt8748256,Yol Arkadasim 2,2018-10-11
tt4540384,A Fábrica de Nada,2018-10-18
tt1685690,Being Mario Götze,* 2018-10-18
tt4607722,Blame - Strange Romance,2018-10-18 | Blame - Verbotenes Verlangen
tt6972372,Place publique,2018-10-18 | Champagner & Macarons - Ein unvergessliches Gartenfest
tt7433660,Die Gentrifizierung bin ich. Beichte eines Finsterlings,2018-10-18
tt6768578,Dogman,2018-10-18
tt8254556,GIRL,2018-10-18
tt6921996,Johnny English 3,2018-10-18 | Johnny English - Man lebt nur dreimal
tt7428166,Keloglan,* 2018-10-18
tt0835802,Krystal,2018-10-18
tt6999052,Mario,2018-10-18
tt7909444,Nanouk,2018-10-18
tt2766104,Ploey,* 2018-10-18
tt3500068,Ritter Trenk op Platt,2018-10-18
tt6742252,Den Skyldige,2018-10-18 | The Guilty
tt7477310,"Vorname, Der",2018-10-18
tt6209282,Ex Libris: Die Public Library von New York,2018-10-24
tt7048622,L'Insulte,"2018-10-25 | Affront, Der"
tt5228262,"Happening of Monumental Proportions, A",2018-10-25 | Career Day mit Hindernissen
tt7039910,Feierabendbier,2018-10-25
tt5664636,Goosebumps 2: Haunted Halloween,2018-10-25 | Gänsehaut 2: Gruseliges Halloween
tt1502407,Halloween,2018-10-25
tt1846589,Hunter Killer,* 2018-10-25
tt2953762,"I, Olga",* 2018-10-25
tt6341066,Intrigo - Death of an Author,2018-10-25 | Intrigo - Tod eines Autors
tt7832124,aka: Untitled,* 2018-10-25 | Müslüm
tt5521714,Moritz Daniel Oppenheim,2018-10-25
tt4717402,Mutafukaz,2018-10-25
tt4986098,Projekt: Antarktis,* 2018-10-25
tt7534054,Sorry Angel,* 2018-10-25
tt5668822,Vildheks,2018-10-25 | Wildhexe
tt7275816,Wuff,2018-10-25
tt7225386,25 km/h,2018-10-31
tt1727824,Bohemian Rhapsody,2018-10-31
tt0495910,An den Rändern der Welt,2018-11-01
tt6193454,Blue my mind,* 2018-11-01
tt4830786,"Cakemaker, The",* 2018-11-01
tt4469518,Genesis 2.0,* 2018-11-01
tt7076030,"Klang der Stimme, Der",2018-11-01
tt6755924,Nur ein Tag in Berlin,2018-11-01
tt5523010,"Nutcracker and the four Realms, The","2018-11-01 | Nussknacker und die vier Reiche, Der (2D/3D)"
tt8791892,Touch me not,* 2018-11-01
tt7477068,"Trafikant, Der",2018-11-01
tt1815922,#Female Pleasure,* 2018-11-08
tt0997580,First Man (IMAX),2018-11-08 | Aufbruch zum Mond (IMAX)
tt6490694,Back to the Fatherland,* 2018-11-08
tt3431580,"Elliot, das kleinste Rentier",* 2018-11-08
tt6268812,In my Room,* 2018-11-08
tt7342838,Leto,2018-11-08
tt7040874,"Simple Favor, A",2018-11-08 | Nur ein kleiner Gefallen
tt4530422,Overlord,2018-11-08 | Operation: Overlord
tt4080956,"Prayer before Dawn, A",2018-11-08
tt2331047,Rememory,* 2018-11-08
tt1836972,Talking Money,* 2018-11-08
tt7254768,Whatever happens next,* 2018-11-08
tt6205872,Assassination Nation,* 2018-11-15
tt7925066,Tinta Bruta,2018-11-15 | Hard Paint
tt5607096,"Juliet, Naked",2018-11-15
tt6153538,"Kleine Spirou, Der",* 2018-11-15
tt6748466,Loro,* 2018-11-15
tt6781982,Night School,* 2018-11-15
tt4123430,Fantastic Beasts: The Crimes of Grindelwald,2018-11-15 | Phantastische Tierwesen: Grindelwalds Verbrechen (3D)
tt5117204,Pink Elephants,* 2018-11-15
tt4766630,Reise nach Jerusalem,* 2018-11-15
tt1034415,Suspiria,2018-11-15
tt7915750,UltrAslan,* 2018-11-15
tt7538492,Von Bienen und Blumen,* 2018-11-15
tt6050396,Was uns nicht umbringt,2018-11-15
tt4796120,Auf der Suche nach Paul,* 2018-11-22
tt8822402,Bizi Hatirla,* 2018-11-22
tt6225520,The Man who invented christmas,"2018-11-22 | Charles Dickens: Der Mann, der Weihnachten erfand"
tt6543652,Cold War,* 2018-11-22 | Cold War - Der Breitengrad der Liebe
tt8748608,Deliler,* 2018-11-22
tt7368554,The Interpreter,"2018-11-22 | Dolmetscher, Der"
tt5842890,Jupiter Holdja,2018-11-22 | Jupiter's Moon
tt0344761,Lucica und ihre Kinder,* 2018-11-22
tt3552348,Mein Bruder heißt Robert und ist ein Idiot,2018-11-22
tt4902206,So viel Zeit,* 2018-11-22
tt5177088,"Girl in the Spider's Web, The",2018-11-22 | Verschwörung
tt1606848,"Wo bist Du, Joâo Gilberto?",* 2018-11-22
tt6510332,McQueen,* 2018-11-29 | Alexander McQueen - Der Film
tt0368311,Berlin Excelsior,* 2018-11-29
tt7875464,"Herederas, Las","2018-11-29 | Erbinnen, Die"
tt2709692,Dr. Seuss' How the Grinch stole Christmas (3D),"2018-11-29 | Grinch, Der (3D)"
tt8493514,Hedefim Sensin,2018-11-29
tt4003440,"House that Jack built, The",* 2018-11-29
tt1869347,Crooked House,"2018-11-29 | Krumme Haus, Das"
tt6926266,Lost Art - Josef Urbach,* 2018-11-29
tt6164502,November,2018-11-29
tt6850820,Peppermint,* 2018-11-29 | Peppermint - Angel of Vengeance
tt8041618,Piripkura,2018-11-29
tt0474499,Sandstern,* 2018-11-29
tt8307082,Sauvage,* 2018-11-29
tt5371168,"Extraordinary Journey of the Fakir, The","2018-11-29 | Unglaubliche Reise des Fakirs, der in einem Kleiderschrank feststeckte, Die"
tt7708734,Geister der Weihnacht - Augsburger Puppenkiste,* 2018-12-01
tt7708734,Geister der Weihnacht - Augsburger Puppenkiste,* 2018-12-01
tt8810242,100 Dinge,* 2018-12-06
tt6851364,Anna und die Apokalypse,* 2018-12-06
tt6433456,Unga Astrid,2018-12-06 | Astrid
tt7021536,Climate Warriors,* 2018-12-06
tt8359848,Climax,* 2018-12-06
tt5240284,Sir,"* 2018-12-06 | Schneiderin der Träume, Die"
tt3714574,Tabaluga,2018-12-06 | Tabaluga - Der Film (2D/3D)
tt5691670,Under the Silver Lake,2018-12-06
tt8619234,Unknown User: Dark Web,* 2018-12-06
tt4218572,Widows,* 2018-12-06 | Widows - Tödliche Witwen
tt5217526,Anderswo. Allein in Afrika,* 2018-12-13
tt1019914,Kona fer í stríð,* 2018-12-13 | Gegen den Strom
tt6559390,L'Apparition - Die Erscheinung (AT),* 2018-12-13
tt0353774,Mortal Engines (3D/IMAX),* 2018-12-13 | Mortal Engines: Krieg der Städte (3D/IMAX)
tt6280608,Postcards from London,* 2018-12-13
tt1411825,"Seltsame Klang des Glücks, Der",* 2018-12-13
tt4633694,Spider-Man: Into the Spider-Verse,2018-12-13 | Spider-Man: A new Universe (3D)
tt1477834,Aquaman (3D),2018-12-20
tt6386748,Pájaros de verano,* 2018-12-20 | Birds of Passage
tt4701182,Bumblebee,2018-12-20 | Bumblebee (3D)
tt6961808,"Dernier vide-grenier de Claire Darling, Le","2018-12-20 | Flohmarkt von Madame Claire, Der"
tt5028340,Mary Poppins Returns,2018-12-20 | Mary Poppins' Rückkehr
tt6095616,Mr. & Mrs. Adelman,"2018-12-20 | Poesie der Liebe, Die"
tt4378628,"Westwood: Punk, Icon, Activist",* 2018-12-20 | Westwood
tt8269552,3 Faces,2018-12-26 | Drei Gesichter
tt3726220,Der kleine Drache Kokosnuss - Auf in den Dschungel!,2018-12-27
tt5581284,"Junge muss an die frische Luft, Der",2018-12-27
tt3906082,Mary Shelley,* 2018-12-27
tt8075192,Shoplifters,* 2018-12-27
tt8696440,Sibel,* 2018-12-27
